full_date,date_id,year,quarter,month,is_post_covid,frequency,cpih_index,cpih_annual_rate,cpih_monthly_rate
1997-01-01,199701,1997,1,1,False,1997 JAN,69.2,2.6,-0.3
1997-02-01,199702,1997,1,2,False,1997 FEB,69.3,2.4,0.2
1997-03-01,199703,1997,1,3,False,1997 MAR,69.4,2.2,0.2
1997-04-01,199704,1997,2,4,False,1997 APR,69.7,2.1,0.4
1997-05-01,199705,1997,2,5,False,1997 MAY,70.0,2.1,0.4
1997-06-01,199706,1997,2,6,False,1997 JUN,70.1,2.1,0.2
1997-07-01,199707,1997,3,7,False,1997 JUL,70.0,2.4,-0.2
1997-08-01,199708,1997,3,8,False,1997 AUG,70.3,2.3,0.4
1997-09-01,199709,1997,3,9,False,1997 SEP,70.5,2.2,0.3
1997-10-01,199710,1997,4,10,False,1997 OCT,70.6,2.2,0.1
1997-11-01,199711,1997,4,11,False,1997 NOV,70.6,2.1,0.0
1997-12-01,199712,1997,4,12,False,1997 DEC,70.7,1.9,0.2
1998-01-01,199801,1998,1,1,False,1998 JAN,70.4,1.8,-0.5
1998-02-01,199802,1998,1,2,False,1998 FEB,70.6,1.8,0.3
1998-03-01,199803,1998,1,3,False,1998 MAR,70.8,1.9,0.3
1998-04-01,199804,1998,2,4,False,1998 APR,71.2,2.1,0.6
1998-05-01,199805,1998,2,5,False,1998 MAY,71.5,2.2,0.5
1998-06-01,199806,1998,2,6,False,1998 JUN,71.4,1.9,-0.1
1998-07-01,199807,1998,3,7,False,1998 JUL,71.2,1.7,-0.4
1998-08-01,199808,1998,3,8,False,1998 AUG,71.4,1.6,0.3
1998-09-01,199809,1998,3,9,False,1998 SEP,71.7,1.7,0.4
1998-10-01,199810,1998,4,10,False,1998 OCT,71.7,1.6,0.0
1998-11-01,199811,1998,4,11,False,1998 NOV,71.8,1.7,0.1
1998-12-01,199812,1998,4,12,False,1998 DEC,72.0,1.9,0.3
1999-01-01,199901,1999,1,1,False,1999 JAN,71.8,2.0,-0.4
1999-02-01,199902,1999,1,2,False,1999 FEB,71.9,1.9,0.2
1999-03-01,199903,1999,1,3,False,1999 MAR,72.3,2.1,0.5
1999-04-01,199904,1999,2,4,False,1999 APR,72.6,2.0,0.5
1999-05-01,199905,1999,2,5,False,1999 MAY,72.8,1.7,0.2
1999-06-01,199906,1999,2,6,False,1999 JUN,72.7,1.8,-0.1
1999-07-01,199907,1999,3,7,False,1999 JUL,72.4,1.7,-0.4
1999-08-01,199908,1999,3,8,False,1999 AUG,72.6,1.6,0.3
1999-09-01,199909,1999,3,9,False,1999 SEP,72.8,1.6,0.3
1999-10-01,199910,1999,4,10,False,1999 OCT,72.8,1.5,-0.1
1999-11-01,199911,1999,4,11,False,1999 NOV,72.9,1.5,0.2
1999-12-01,199912,1999,4,12,False,1999 DEC,73.1,1.5,0.3
2000-01-01,200001,2000,1,1,False,2000 JAN,72.6,1.2,-0.7
2000-02-01,200002,2000,1,2,False,2000 FEB,72.8,1.2,0.3
2000-03-01,200003,2000,1,3,False,2000 MAR,73.0,1.0,0.2
2000-04-01,200004,2000,2,4,False,2000 APR,73.3,0.9,0.5
2000-05-01,200005,2000,2,5,False,2000 MAY,73.5,1.0,0.3
2000-06-01,200006,2000,2,6,False,2000 JUN,73.6,1.2,0.1
2000-07-01,200007,2000,3,7,False,2000 JUL,73.3,1.2,-0.4
2000-08-01,200008,2000,3,8,False,2000 AUG,73.3,1.0,0.0
2000-09-01,200009,2000,3,9,False,2000 SEP,73.8,1.3,0.6
2000-10-01,200010,2000,4,10,False,2000 OCT,73.8,1.4,0.0
2000-11-01,200011,2000,4,11,False,2000 NOV,74.0,1.5,0.3
2000-12-01,200012,2000,4,12,False,2000 DEC,74.0,1.2,0.0
2001-01-01,200101,2001,1,1,False,2001 JAN,73.5,1.2,-0.7
2001-02-01,200102,2001,1,2,False,2001 FEB,73.7,1.2,0.3
2001-03-01,200103,2001,1,3,False,2001 MAR,73.9,1.3,0.3
2001-04-01,200104,2001,2,4,False,2001 APR,74.4,1.5,0.6
2001-05-01,200105,2001,2,5,False,2001 MAY,74.9,1.9,0.6
2001-06-01,200106,2001,2,6,False,2001 JUN,75.0,1.9,0.2
2001-07-01,200107,2001,3,7,False,2001 JUL,74.5,1.7,-0.6
2001-08-01,200108,2001,3,8,False,2001 AUG,74.8,2.1,0.4
2001-09-01,200109,2001,3,9,False,2001 SEP,75.0,1.7,0.3
2001-10-01,200110,2001,4,10,False,2001 OCT,74.9,1.6,-0.1
2001-11-01,200111,2001,4,11,False,2001 NOV,74.9,1.2,-0.1
2001-12-01,200112,2001,4,12,False,2001 DEC,75.0,1.4,0.2
2002-01-01,200201,2002,1,1,False,2002 JAN,74.8,1.8,-0.2
2002-02-01,200202,2002,1,2,False,2002 FEB,75.0,1.7,0.2
2002-03-01,200203,2002,1,3,False,2002 MAR,75.2,1.7,0.3
2002-04-01,200204,2002,2,4,False,2002 APR,75.6,1.6,0.6
2002-05-01,200205,2002,2,5,False,2002 MAY,75.8,1.2,0.2
2002-06-01,200206,2002,2,6,False,2002 JUN,75.8,1.1,0.0
2002-07-01,200207,2002,3,7,False,2002 JUL,75.6,1.4,-0.3
2002-08-01,200208,2002,3,8,False,2002 AUG,75.8,1.3,0.2
2002-09-01,200209,2002,3,9,False,2002 SEP,76.0,1.2,0.2
2002-10-01,200210,2002,4,10,False,2002 OCT,76.1,1.5,0.2
2002-11-01,200211,2002,4,11,False,2002 NOV,76.1,1.6,0.0
2002-12-01,200212,2002,4,12,False,2002 DEC,76.3,1.7,0.3
2003-01-01,200301,2003,1,1,False,2003 JAN,75.9,1.4,-0.5
2003-02-01,200302,2003,1,2,False,2003 FEB,76.1,1.6,0.3
2003-03-01,200303,2003,1,3,False,2003 MAR,76.4,1.6,0.3
2003-04-01,200304,2003,2,4,False,2003 APR,76.8,1.5,0.5
2003-05-01,200305,2003,2,5,False,2003 MAY,76.8,1.3,0.0
2003-06-01,200306,2003,2,6,False,2003 JUN,76.7,1.2,-0.2
2003-07-01,200307,2003,3,7,False,2003 JUL,76.6,1.3,-0.1
2003-08-01,200308,2003,3,8,False,2003 AUG,76.8,1.4,0.3
2003-09-01,200309,2003,3,9,False,2003 SEP,77.0,1.3,0.2
2003-10-01,200310,2003,4,10,False,2003 OCT,77.1,1.3,0.1
2003-11-01,200311,2003,4,11,False,2003 NOV,77.1,1.3,0.0
2003-12-01,200312,2003,4,12,False,2003 DEC,77.3,1.3,0.3
2004-01-01,200401,2004,1,1,False,2004 JAN,77.0,1.5,-0.3
2004-02-01,200402,2004,1,2,False,2004 FEB,77.2,1.4,0.2
2004-03-01,200403,2004,1,3,False,2004 MAR,77.3,1.2,0.1
2004-04-01,200404,2004,2,4,False,2004 APR,77.6,1.1,0.5
2004-05-01,200405,2004,2,5,False,2004 MAY,77.9,1.4,0.3
2004-06-01,200406,2004,2,6,False,2004 JUN,77.9,1.5,0.0
2004-07-01,200407,2004,3,7,False,2004 JUL,77.7,1.4,-0.2
2004-08-01,200408,2004,3,8,False,2004 AUG,77.9,1.4,0.2
2004-09-01,200409,2004,3,9,False,2004 SEP,77.9,1.2,0.1
2004-10-01,200410,2004,4,10,False,2004 OCT,78.1,1.3,0.3
2004-11-01,200411,2004,4,11,False,2004 NOV,78.3,1.5,0.2
2004-12-01,200412,2004,4,12,False,2004 DEC,78.6,1.8,0.5
2005-01-01,200501,2005,1,1,False,2005 JAN,78.3,1.7,-0.4
2005-02-01,200502,2005,1,2,False,2005 FEB,78.5,1.7,0.2
2005-03-01,200503,2005,1,3,False,2005 MAR,78.8,2.0,0.4
2005-04-01,200504,2005,2,4,False,2005 APR,79.1,1.9,0.4
2005-05-01,200505,2005,2,5,False,2005 MAY,79.4,1.9,0.3
2005-06-01,200506,2005,2,6,False,2005 JUN,79.4,2.0,0.1
2005-07-01,200507,2005,3,7,False,2005 JUL,79.5,2.3,0.1
2005-08-01,200508,2005,3,8,False,2005 AUG,79.7,2.4,0.3
2005-09-01,200509,2005,3,9,False,2005 SEP,79.9,2.5,0.2
2005-10-01,200510,2005,4,10,False,2005 OCT,80.0,2.4,0.2
2005-11-01,200511,2005,4,11,False,2005 NOV,80.0,2.2,0.0
2005-12-01,200512,2005,4,12,False,2005 DEC,80.3,2.1,0.3
2006-01-01,200601,2006,1,1,False,2006 JAN,80.0,2.2,-0.3
2006-02-01,200602,2006,1,2,False,2006 FEB,80.2,2.2,0.3
2006-03-01,200603,2006,1,3,False,2006 MAR,80.4,2.0,0.2
2006-04-01,200604,2006,2,4,False,2006 APR,80.9,2.2,0.6
2006-05-01,200605,2006,2,5,False,2006 MAY,81.3,2.4,0.5
2006-06-01,200606,2006,2,6,False,2006 JUN,81.5,2.6,0.3
2006-07-01,200607,2006,3,7,False,2006 JUL,81.5,2.5,0.0
2006-08-01,200608,2006,3,8,False,2006 AUG,81.8,2.6,0.4
2006-09-01,200609,2006,3,9,False,2006 SEP,81.9,2.5,0.1
2006-10-01,200610,2006,4,10,False,2006 OCT,82.0,2.5,0.2
2006-11-01,200611,2006,4,11,False,2006 NOV,82.2,2.8,0.3
2006-12-01,200612,2006,4,12,False,2006 DEC,82.6,2.9,0.5
2007-01-01,200701,2007,1,1,False,2007 JAN,82.1,2.7,-0.6
2007-02-01,200702,2007,1,2,False,2007 FEB,82.4,2.7,0.3
2007-03-01,200703,2007,1,3,False,2007 MAR,82.8,2.9,0.4
2007-04-01,200704,2007,2,4,False,2007 APR,83.1,2.7,0.4
2007-05-01,200705,2007,2,5,False,2007 MAY,83.3,2.5,0.3
2007-06-01,200706,2007,2,6,False,2007 JUN,83.5,2.5,0.2
2007-07-01,200707,2007,3,7,False,2007 JUL,83.1,2.0,-0.5
2007-08-01,200708,2007,3,8,False,2007 AUG,83.4,2.0,0.4
2007-09-01,200709,2007,3,9,False,2007 SEP,83.5,2.0,0.1
2007-10-01,200710,2007,4,10,False,2007 OCT,83.8,2.3,0.4
2007-11-01,200711,2007,4,11,False,2007 NOV,84.1,2.2,0.3
2007-12-01,200712,2007,4,12,False,2007 DEC,84.5,2.3,0.5
2008-01-01,200801,2008,1,1,False,2008 JAN,84.1,2.4,-0.5
2008-02-01,200802,2008,1,2,False,2008 FEB,84.6,2.6,0.6
2008-03-01,200803,2008,1,3,False,2008 MAR,84.9,2.6,0.4
2008-04-01,200804,2008,2,4,False,2008 APR,85.6,3.0,0.8
2008-05-01,200805,2008,2,5,False,2008 MAY,86.1,3.3,0.6
2008-06-01,200806,2008,2,6,False,2008 JUN,86.6,3.7,0.6
2008-07-01,200807,2008,3,7,False,2008 JUL,86.6,4.2,0.0
2008-08-01,200808,2008,3,8,False,2008 AUG,87.1,4.4,0.5
2008-09-01,200809,2008,3,9,False,2008 SEP,87.5,4.8,0.4
2008-10-01,200810,2008,4,10,False,2008 OCT,87.3,4.2,-0.2
2008-11-01,200811,2008,4,11,False,2008 NOV,87.3,3.8,0.0
2008-12-01,200812,2008,4,12,False,2008 DEC,87.1,3.0,-0.3
2009-01-01,200901,2009,1,1,False,2009 JAN,86.6,2.9,-0.6
2009-02-01,200902,2009,1,2,False,2009 FEB,87.2,3.1,0.7
2009-03-01,200903,2009,1,3,False,2009 MAR,87.3,2.8,0.1
2009-04-01,200904,2009,2,4,False,2009 APR,87.5,2.3,0.3
2009-05-01,200905,2009,2,5,False,2009 MAY,87.9,2.1,0.4
2009-06-01,200906,2009,2,6,False,2009 JUN,88.1,1.7,0.2
2009-07-01,200907,2009,3,7,False,2009 JUL,88.0,1.6,0.0
2009-08-01,200908,2009,3,8,False,2009 AUG,88.3,1.4,0.3
2009-09-01,200909,2009,3,9,False,2009 SEP,88.3,1.0,0.0
2009-10-01,200910,2009,4,10,False,2009 OCT,88.4,1.2,0.1
2009-11-01,200911,2009,4,11,False,2009 NOV,88.6,1.5,0.2
2009-12-01,200912,2009,4,12,False,2009 DEC,88.9,2.1,0.4
2010-01-01,201001,2010,1,1,False,2010 JAN,88.8,2.6,-0.2
2010-02-01,201002,2010,1,2,False,2010 FEB,89.0,2.1,0.3
2010-03-01,201003,2010,1,3,False,2010 MAR,89.4,2.4,0.4
2010-04-01,201004,2010,2,4,False,2010 APR,89.9,2.7,0.5
2010-05-01,201005,2010,2,5,False,2010 MAY,90.1,2.5,0.2
2010-06-01,201006,2010,2,6,False,2010 JUN,90.2,2.4,0.1
2010-07-01,201007,2010,3,7,False,2010 JUL,90.0,2.3,-0.2
2010-08-01,201008,2010,3,8,False,2010 AUG,90.4,2.4,0.4
2010-09-01,201009,2010,3,9,False,2010 SEP,90.4,2.4,0.0
2010-10-01,201010,2010,4,10,False,2010 OCT,90.6,2.5,0.2
2010-11-01,201011,2010,4,11,False,2010 NOV,90.9,2.6,0.3
2010-12-01,201012,2010,4,12,False,2010 DEC,91.7,3.1,0.8
2011-01-01,201101,2011,1,1,False,2011 JAN,91.8,3.4,0.1
2011-02-01,201102,2011,1,2,False,2011 FEB,92.3,3.7,0.6
2011-03-01,201103,2011,1,3,False,2011 MAR,92.6,3.5,0.3
2011-04-01,201104,2011,2,4,False,2011 APR,93.3,3.8,0.8
2011-05-01,201105,2011,2,5,False,2011 MAY,93.5,3.8,0.2
2011-06-01,201106,2011,2,6,False,2011 JUN,93.5,3.6,-0.1
2011-07-01,201107,2011,3,7,False,2011 JUL,93.5,3.8,0.0
2011-08-01,201108,2011,3,8,False,2011 AUG,93.9,3.9,0.5
2011-09-01,201109,2011,3,9,False,2011 SEP,94.5,4.5,0.6
2011-10-01,201110,2011,4,10,False,2011 OCT,94.5,4.3,0.1
2011-11-01,201111,2011,4,11,False,2011 NOV,94.7,4.1,0.1
2011-12-01,201112,2011,4,12,False,2011 DEC,95.0,3.7,0.4
2012-01-01,201201,2012,1,1,False,2012 JAN,94.7,3.2,-0.4
2012-02-01,201202,2012,1,2,False,2012 FEB,95.2,3.1,0.5
2012-03-01,201203,2012,1,3,False,2012 MAR,95.4,3.1,0.3
2012-04-01,201204,2012,2,4,False,2012 APR,95.9,2.8,0.5
2012-05-01,201205,2012,2,5,False,2012 MAY,95.9,2.5,0.0
2012-06-01,201206,2012,2,6,False,2012 JUN,95.6,2.3,-0.3
2012-07-01,201207,2012,3,7,False,2012 JUL,95.7,2.4,0.1
2012-08-01,201208,2012,3,8,False,2012 AUG,96.1,2.3,0.4
2012-09-01,201209,2012,3,9,False,2012 SEP,96.4,2.1,0.4
2012-10-01,201210,2012,4,10,False,2012 OCT,96.8,2.4,0.4
2012-11-01,201211,2012,4,11,False,2012 NOV,97.0,2.4,0.1
2012-12-01,201212,2012,4,12,False,2012 DEC,97.3,2.4,0.4
2013-01-01,201301,2013,1,1,False,2013 JAN,97.0,2.4,-0.4
2013-02-01,201302,2013,1,2,False,2013 FEB,97.5,2.5,0.6
2013-03-01,201303,2013,1,3,False,2013 MAR,97.8,2.5,0.3
2013-04-01,201304,2013,2,4,False,2013 APR,98.0,2.2,0.2
2013-05-01,201305,2013,2,5,False,2013 MAY,98.2,2.4,0.2
2013-06-01,201306,2013,2,6,False,2013 JUN,98.0,2.6,-0.1
2013-07-01,201307,2013,3,7,False,2013 JUL,98.0,2.5,0.0
2013-08-01,201308,2013,3,8,False,2013 AUG,98.4,2.4,0.4
2013-09-01,201309,2013,3,9,False,2013 SEP,98.7,2.4,0.3
2013-10-01,201310,2013,4,10,False,2013 OCT,98.8,2.0,0.1
2013-11-01,201311,2013,4,11,False,2013 NOV,98.8,1.9,0.1
2013-12-01,201312,2013,4,12,False,2013 DEC,99.2,1.9,0.4
2014-01-01,201401,2014,1,1,False,2014 JAN,98.7,1.8,-0.5
2014-02-01,201402,2014,1,2,False,2014 FEB,99.1,1.6,0.4
2014-03-01,201403,2014,1,3,False,2014 MAR,99.3,1.5,0.2
2014-04-01,201404,2014,2,4,False,2014 APR,99.6,1.7,0.3
2014-05-01,201405,2014,2,5,False,2014 MAY,99.6,1.5,0.0
2014-06-01,201406,2014,2,6,False,2014 JUN,99.8,1.8,0.2
2014-07-01,201407,2014,3,7,False,2014 JUL,99.6,1.6,-0.2
2014-08-01,201408,2014,3,8,False,2014 AUG,99.9,1.5,0.3
2014-09-01,201409,2014,3,9,False,2014 SEP,100.0,1.3,0.0
2014-10-01,201410,2014,4,10,False,2014 OCT,100.1,1.3,0.1
2014-11-01,201411,2014,4,11,False,2014 NOV,99.9,1.1,-0.2
2014-12-01,201412,2014,4,12,False,2014 DEC,99.9,0.7,0.0
2015-01-01,201501,2015,1,1,False,2015 JAN,99.2,0.5,-0.7
2015-02-01,201502,2015,1,2,False,2015 FEB,99.5,0.4,0.2
2015-03-01,201503,2015,1,3,False,2015 MAR,99.6,0.3,0.2
2015-04-01,201504,2015,2,4,False,2015 APR,99.9,0.3,0.3
2015-05-01,201505,2015,2,5,False,2015 MAY,100.1,0.4,0.2
2015-06-01,201506,2015,2,6,False,2015 JUN,100.1,0.3,0.1
2015-07-01,201507,2015,3,7,False,2015 JUL,100.0,0.5,-0.1
2015-08-01,201508,2015,3,8,False,2015 AUG,100.3,0.4,0.2
2015-09-01,201509,2015,3,9,False,2015 SEP,100.2,0.2,-0.1
2015-10-01,201510,2015,4,10,False,2015 OCT,100.3,0.2,0.1
2015-11-01,201511,2015,4,11,False,2015 NOV,100.3,0.4,0.0
2015-12-01,201512,2015,4,12,False,2015 DEC,100.4,0.5,0.1
2016-01-01,201601,2016,1,1,False,2016 JAN,99.9,0.6,-0.6
2016-02-01,201602,2016,1,2,False,2016 FEB,100.1,0.6,0.2
2016-03-01,201603,2016,1,3,False,2016 MAR,100.4,0.8,0.3
2016-04-01,201604,2016,2,4,False,2016 APR,100.6,0.7,0.2
2016-05-01,201605,2016,2,5,False,2016 MAY,100.8,0.7,0.2
2016-06-01,201606,2016,2,6,False,2016 JUN,101.0,0.8,0.2
2016-07-01,201607,2016,3,7,False,2016 JUL,100.9,0.9,0.0
2016-08-01,201608,2016,3,8,False,2016 AUG,101.2,1.0,0.3
2016-09-01,201609,2016,3,9,False,2016 SEP,101.5,1.3,0.2
2016-10-01,201610,2016,4,10,False,2016 OCT,101.6,1.3,0.1
2016-11-01,201611,2016,4,11,False,2016 NOV,101.8,1.5,0.2
2016-12-01,201612,2016,4,12,False,2016 DEC,102.2,1.8,0.4
2017-01-01,201701,2017,1,1,False,2017 JAN,101.8,1.9,-0.4
2017-02-01,201702,2017,1,2,False,2017 FEB,102.4,2.3,0.6
2017-03-01,201703,2017,1,3,False,2017 MAR,102.7,2.3,0.3
2017-04-01,201704,2017,2,4,False,2017 APR,103.2,2.6,0.5
2017-05-01,201705,2017,2,5,False,2017 MAY,103.5,2.7,0.3
2017-06-01,201706,2017,2,6,False,2017 JUN,103.5,2.6,0.0
2017-07-01,201707,2017,3,7,False,2017 JUL,103.5,2.6,0.0
2017-08-01,201708,2017,3,8,False,2017 AUG,104.0,2.7,0.5
2017-09-01,201709,2017,3,9,False,2017 SEP,104.3,2.8,0.3
2017-10-01,201710,2017,4,10,False,2017 OCT,104.4,2.8,0.1
2017-11-01,201711,2017,4,11,False,2017 NOV,104.7,2.8,0.3
2017-12-01,201712,2017,4,12,False,2017 DEC,105.0,2.7,0.3
2018-01-01,201801,2018,1,1,False,2018 JAN,104.5,2.7,-0.4
2018-02-01,201802,2018,1,2,False,2018 FEB,104.9,2.5,0.4
2018-03-01,201803,2018,1,3,False,2018 MAR,105.1,2.3,0.1
2018-04-01,201804,2018,2,4,False,2018 APR,105.5,2.2,0.4
2018-05-01,201805,2018,2,5,False,2018 MAY,105.9,2.3,0.3
2018-06-01,201806,2018,2,6,False,2018 JUN,105.9,2.3,0.0
2018-07-01,201807,2018,3,7,False,2018 JUL,105.9,2.3,0.0
2018-08-01,201808,2018,3,8,False,2018 AUG,106.5,2.4,0.6
2018-09-01,201809,2018,3,9,False,2018 SEP,106.6,2.2,0.1
2018-10-01,201810,2018,4,10,False,2018 OCT,106.7,2.2,0.1
2018-11-01,201811,2018,4,11,False,2018 NOV,106.9,2.2,0.2
2018-12-01,201812,2018,4,12,False,2018 DEC,107.1,2.0,0.1
2019-01-01,201901,2019,1,1,False,2019 JAN,106.4,1.8,-0.6
2019-02-01,201902,2019,1,2,False,2019 FEB,106.8,1.8,0.4
2019-03-01,201903,2019,1,3,False,2019 MAR,107.0,1.8,0.2
2019-04-01,201904,2019,2,4,False,2019 APR,107.6,2.0,0.6
2019-05-01,201905,2019,2,5,False,2019 MAY,107.9,1.9,0.3
2019-06-01,201906,2019,2,6,False,2019 JUN,107.9,1.9,0.0
2019-07-01,201907,2019,3,7,False,2019 JUL,108.0,2.0,0.0
2019-08-01,201908,2019,3,8,False,2019 AUG,108.3,1.7,0.3
2019-09-01,201909,2019,3,9,False,2019 SEP,108.4,1.7,0.1
2019-10-01,201910,2019,4,10,False,2019 OCT,108.3,1.5,-0.1
2019-11-01,201911,2019,4,11,False,2019 NOV,108.5,1.5,0.2
2019-12-01,201912,2019,4,12,False,2019 DEC,108.5,1.4,0.0
2020-01-01,202001,2020,1,1,False,2020 JAN,108.3,1.8,-0.2
2020-02-01,202002,2020,1,2,False,2020 FEB,108.6,1.7,0.3
2020-03-01,202003,2020,1,3,True,2020 MAR,108.6,1.5,0.0
2020-04-01,202004,2020,2,4,True,2020 APR,108.6,0.9,0.0
2020-05-01,202005,2020,2,5,True,2020 MAY,108.6,0.7,0.0
2020-06-01,202006,2020,2,6,True,2020 JUN,108.8,0.8,0.1
2020-07-01,202007,2020,3,7,True,2020 JUL,109.2,1.1,0.4
2020-08-01,202008,2020,3,8,True,2020 AUG,108.8,0.5,-0.3
2020-09-01,202009,2020,3,9,True,2020 SEP,109.2,0.7,0.4
2020-10-01,202010,2020,4,10,True,2020 OCT,109.2,0.9,0.0
2020-11-01,202011,2020,4,11,True,2020 NOV,109.1,0.6,-0.1
2020-12-01,202012,2020,4,12,True,2020 DEC,109.4,0.8,0.2
2021-01-01,202101,2021,1,1,True,2021 JAN,109.3,0.9,-0.1
2021-02-01,202102,2021,1,2,True,2021 FEB,109.4,0.7,0.1
2021-03-01,202103,2021,1,3,True,2021 MAR,109.7,1.0,0.2
2021-04-01,202104,2021,2,4,True,2021 APR,110.4,1.6,0.7
2021-05-01,202105,2021,2,5,True,2021 MAY,111.0,2.1,0.5
2021-06-01,202106,2021,2,6,True,2021 JUN,111.4,2.4,0.4
2021-07-01,202107,2021,3,7,True,2021 JUL,111.4,2.1,0.0
2021-08-01,202108,2021,3,8,True,2021 AUG,112.1,3.0,0.6
2021-09-01,202109,2021,3,9,True,2021 SEP,112.4,2.9,0.3
2021-10-01,202110,2021,4,10,True,2021 OCT,113.4,3.8,0.9
2021-11-01,202111,2021,4,11,True,2021 NOV,114.1,4.6,0.6
2021-12-01,202112,2021,4,12,True,2021 DEC,114.7,4.8,0.5
2022-01-01,202201,2022,1,1,True,2022 JAN,114.6,4.9,0.0
2022-02-01,202202,2022,1,2,True,2022 FEB,115.4,5.5,0.7
2022-03-01,202203,2022,1,3,True,2022 MAR,116.5,6.2,0.9
2022-04-01,202204,2022,2,4,True,2022 APR,119.0,7.8,2.1
2022-05-01,202205,2022,2,5,True,2022 MAY,119.7,7.9,0.6
2022-06-01,202206,2022,2,6,True,2022 JUN,120.5,8.2,0.7
2022-07-01,202207,2022,3,7,True,2022 JUL,121.2,8.8,0.6
2022-08-01,202208,2022,3,8,True,2022 AUG,121.8,8.6,0.5
2022-09-01,202209,2022,3,9,True,2022 SEP,122.3,8.8,0.4
2022-10-01,202210,2022,4,10,True,2022 OCT,124.3,9.6,1.6
2022-11-01,202211,2022,4,11,True,2022 NOV,124.8,9.3,0.4
2022-12-01,202212,2022,4,12,True,2022 DEC,125.3,9.2,0.4
2023-01-01,202301,2023,1,1,True,2023 JAN,124.8,8.8,-0.4
2023-02-01,202302,2023,1,2,True,2023 FEB,126.0,9.2,1.0
2023-03-01,202303,2023,1,3,True,2023 MAR,126.8,8.9,0.7
2023-04-01,202304,2023,2,4,True,2023 APR,128.3,7.8,1.2
2023-05-01,202305,2023,2,5,True,2023 MAY,129.1,7.9,0.6
2023-06-01,202306,2023,2,6,True,2023 JUN,129.4,7.3,0.2
2023-07-01,202307,2023,3,7,True,2023 JUL,129.0,6.4,-0.3
2023-08-01,202308,2023,3,8,True,2023 AUG,129.4,6.3,0.4
2023-09-01,202309,2023,3,9,True,2023 SEP,130.1,6.3,0.5
2023-10-01,202310,2023,4,10,True,2023 OCT,130.2,4.7,0.1
2023-11-01,202311,2023,4,11,True,2023 NOV,130.0,4.2,-0.1
2023-12-01,202312,2023,4,12,True,2023 DEC,130.5,4.2,0.4
2024-01-01,202401,2024,1,1,True,2024 JAN,130.0,4.2,-0.4
2024-02-01,202402,2024,1,2,True,2024 FEB,130.8,3.8,0.6
2024-03-01,202403,2024,1,3,True,2024 MAR,131.6,3.8,0.6
2024-04-01,202404,2024,2,4,True,2024 APR,132.2,3.0,0.5
2024-05-01,202405,2024,2,5,True,2024 MAY,132.7,2.8,0.4
2024-06-01,202406,2024,2,6,True,2024 JUN,133.0,2.8,0.2
2024-07-01,202407,2024,3,7,True,2024 JUL,132.9,3.1,0.0
2024-08-01,202408,2024,3,8,True,2024 AUG,133.4,3.1,0.4
2024-09-01,202409,2024,3,9,True,2024 SEP,133.5,2.6,0.1
2024-10-01,202410,2024,4,10,True,2024 OCT,134.3,3.2,0.6
2024-11-01,202411,2024,4,11,True,2024 NOV,134.6,3.5,0.2
2024-12-01,202412,2024,4,12,True,2024 DEC,135.1,3.5,0.3
2025-01-01,202501,2025,1,1,True,2025 JAN,135.1,3.9,0.0
2025-02-01,202502,2025,1,2,True,2025 FEB,135.6,3.7,0.4
2025-03-01,202503,2025,1,3,True,2025 MAR,136.1,3.4,0.3
2025-04-01,202504,2025,2,4,True,2025 APR,137.7,4.1,1.2
2025-05-01,202505,2025,2,5,True,2025 MAY,138.0,4.0,0.2
2025-06-01,202506,2025,2,6,True,2025 JUN,138.4,4.1,0.3
2025-07-01,202507,2025,3,7,True,2025 JUL,138.5,4.2,0.0
2025-08-01,202508,2025,3,8,True,2025 AUG,138.9,4.1,0.3
2025-09-01,202509,2025,3,9,True,2025 SEP,138.9,4.1,0.1
2025-10-01,202510,2025,4,10,True,2025 OCT,139.5,3.8,0.4
2025-11-01,202511,2025,4,11,True,2025 NOV,139.4,3.5,-0.1
2025-12-01,202512,2025,4,12,True,2025 DEC,139.9,3.6,0.4
2026-01-01,202601,2026,1,1,True,2026 JAN,139.4,3.2,-0.3
2026-02-01,202602,2026,1,2,True,2026 FEB,140.0,3.2,0.4
2026-03-01,202603,2026,1,3,True,2026 MAR,140.8,3.4,0.6
2026-04-01,202604,2026,2,4,True,2026 APR,141.8,3.0,0.8
