full_date,date_id,year,quarter,month,is_post_covid,date,gdp_index,gdp_growth_yoy,gdp_growth_3m_yoy
1997-01-01,199701,1997,1,1,False,1997 JAN,61.6,,
1997-02-01,199702,1997,1,2,False,1997 FEB,61.9,,
1997-03-01,199703,1997,1,3,False,1997 MAR,61.8,,
1997-04-01,199704,1997,2,4,False,1997 APR,62.6,,
1997-05-01,199705,1997,2,5,False,1997 MAY,62.1,,
1997-06-01,199706,1997,2,6,False,1997 JUN,62.5,,
1997-07-01,199707,1997,3,7,False,1997 JUL,62.8,,
1997-08-01,199708,1997,3,8,False,1997 AUG,62.8,,
1997-09-01,199709,1997,3,9,False,1997 SEP,63.0,,
1997-10-01,199710,1997,4,10,False,1997 OCT,63.4,,
1997-11-01,199711,1997,4,11,False,1997 NOV,63.6,,
1997-12-01,199712,1997,4,12,False,1997 DEC,64.2,,
1998-01-01,199801,1998,1,1,False,1998 JAN,64.1,3.9,
1998-02-01,199802,1998,1,2,False,1998 FEB,64.4,4.1,
1998-03-01,199803,1998,1,3,False,1998 MAR,64.2,3.9,4.0
1998-04-01,199804,1998,2,4,False,1998 APR,64.8,3.6,3.9
1998-05-01,199805,1998,2,5,False,1998 MAY,64.6,4.1,3.9
1998-06-01,199806,1998,2,6,False,1998 JUN,64.6,3.3,3.6
1998-07-01,199807,1998,3,7,False,1998 JUL,64.7,3.1,3.5
1998-08-01,199808,1998,3,8,False,1998 AUG,64.9,3.2,3.2
1998-09-01,199809,1998,3,9,False,1998 SEP,64.9,3.0,3.1
1998-10-01,199810,1998,4,10,False,1998 OCT,65.2,2.8,3.0
1998-11-01,199811,1998,4,11,False,1998 NOV,65.3,2.7,2.8
1998-12-01,199812,1998,4,12,False,1998 DEC,65.5,2.0,2.5
1999-01-01,199901,1999,1,1,False,1999 JAN,65.6,2.4,2.4
1999-02-01,199902,1999,1,2,False,1999 FEB,65.7,1.9,2.1
1999-03-01,199903,1999,1,3,False,1999 MAR,65.8,2.4,2.2
1999-04-01,199904,1999,2,4,False,1999 APR,65.5,1.0,1.8
1999-05-01,199905,1999,2,5,False,1999 MAY,66.0,2.3,1.9
1999-06-01,199906,1999,2,6,False,1999 JUN,66.2,2.5,1.9
1999-07-01,199907,1999,3,7,False,1999 JUL,66.8,3.2,2.7
1999-08-01,199908,1999,3,8,False,1999 AUG,67.0,3.4,3.0
1999-09-01,199909,1999,3,9,False,1999 SEP,67.4,3.8,3.5
1999-10-01,199910,1999,4,10,False,1999 OCT,68.0,4.2,3.8
1999-11-01,199911,1999,4,11,False,1999 NOV,68.4,4.7,4.3
1999-12-01,199912,1999,4,12,False,1999 DEC,68.3,4.3,4.4
2000-01-01,200001,2000,1,1,False,2000 JAN,69.2,5.4,4.8
2000-02-01,200002,2000,1,2,False,2000 FEB,69.1,5.2,4.9
2000-03-01,200003,2000,1,3,False,2000 MAR,68.7,4.5,5.0
2000-04-01,200004,2000,2,4,False,2000 APR,69.0,5.4,5.0
2000-05-01,200005,2000,2,5,False,2000 MAY,69.6,5.4,5.1
2000-06-01,200006,2000,2,6,False,2000 JUN,70.1,5.8,5.5
2000-07-01,200007,2000,3,7,False,2000 JUL,69.6,4.1,5.1
2000-08-01,200008,2000,3,8,False,2000 AUG,70.3,4.9,4.9
2000-09-01,200009,2000,3,9,False,2000 SEP,70.2,4.2,4.4
2000-10-01,200010,2000,4,10,False,2000 OCT,70.3,3.4,4.2
2000-11-01,200011,2000,4,11,False,2000 NOV,70.6,3.2,3.6
2000-12-01,200012,2000,4,12,False,2000 DEC,70.8,3.7,3.4
2001-01-01,200101,2001,1,1,False,2001 JAN,70.9,2.5,3.1
2001-02-01,200102,2001,1,2,False,2001 FEB,70.9,2.6,3.0
2001-03-01,200103,2001,1,3,False,2001 MAR,71.4,3.9,3.0
2001-04-01,200104,2001,2,4,False,2001 APR,71.2,3.1,3.2
2001-05-01,200105,2001,2,5,False,2001 MAY,71.3,2.5,3.2
2001-06-01,200106,2001,2,6,False,2001 JUN,71.6,2.2,2.6
2001-07-01,200107,2001,3,7,False,2001 JUL,71.6,2.8,2.5
2001-08-01,200108,2001,3,8,False,2001 AUG,71.7,2.0,2.4
2001-09-01,200109,2001,3,9,False,2001 SEP,71.6,2.0,2.3
2001-10-01,200110,2001,4,10,False,2001 OCT,71.8,2.1,2.1
2001-11-01,200111,2001,4,11,False,2001 NOV,71.8,1.8,2.0
2001-12-01,200112,2001,4,12,False,2001 DEC,71.8,1.4,1.8
2002-01-01,200201,2002,1,1,False,2002 JAN,72.0,1.5,1.5
2002-02-01,200202,2002,1,2,False,2002 FEB,71.8,1.3,1.4
2002-03-01,200203,2002,1,3,False,2002 MAR,72.0,0.8,1.2
2002-04-01,200204,2002,2,4,False,2002 APR,72.6,2.0,1.3
2002-05-01,200205,2002,2,5,False,2002 MAY,72.9,2.3,1.7
2002-06-01,200206,2002,2,6,False,2002 JUN,71.2,-0.5,1.2
2002-07-01,200207,2002,3,7,False,2002 JUL,72.5,1.3,1.0
2002-08-01,200208,2002,3,8,False,2002 AUG,72.8,1.5,0.8
2002-09-01,200209,2002,3,9,False,2002 SEP,73.1,2.0,1.6
2002-10-01,200210,2002,4,10,False,2002 OCT,73.1,1.9,1.8
2002-11-01,200211,2002,4,11,False,2002 NOV,73.3,2.1,2.0
2002-12-01,200212,2002,4,12,False,2002 DEC,73.4,2.3,2.1
2003-01-01,200301,2003,1,1,False,2003 JAN,73.7,2.4,2.3
2003-02-01,200302,2003,1,2,False,2003 FEB,73.9,3.0,2.5
2003-03-01,200303,2003,1,3,False,2003 MAR,73.8,2.5,2.6
2003-04-01,200304,2003,2,4,False,2003 APR,74.4,2.6,2.7
2003-05-01,200305,2003,2,5,False,2003 MAY,74.3,1.9,2.3
2003-06-01,200306,2003,2,6,False,2003 JUN,74.8,5.0,3.1
2003-07-01,200307,2003,3,7,False,2003 JUL,75.1,3.6,3.5
2003-08-01,200308,2003,3,8,False,2003 AUG,75.1,3.3,3.9
2003-09-01,200309,2003,3,9,False,2003 SEP,75.5,3.4,3.4
2003-10-01,200310,2003,4,10,False,2003 OCT,75.9,3.8,3.5
2003-11-01,200311,2003,4,11,False,2003 NOV,75.7,3.2,3.5
2003-12-01,200312,2003,4,12,False,2003 DEC,76.0,3.6,3.5
2004-01-01,200401,2004,1,1,False,2004 JAN,75.9,3.0,3.3
2004-02-01,200402,2004,1,2,False,2004 FEB,76.0,2.8,3.1
2004-03-01,200403,2004,1,3,False,2004 MAR,76.1,3.2,3.0
2004-04-01,200404,2004,2,4,False,2004 APR,76.0,2.1,2.7
2004-05-01,200405,2004,2,5,False,2004 MAY,76.3,2.7,2.7
2004-06-01,200406,2004,2,6,False,2004 JUN,76.5,2.3,2.4
2004-07-01,200407,2004,3,7,False,2004 JUL,76.5,1.8,2.3
2004-08-01,200408,2004,3,8,False,2004 AUG,76.4,1.6,1.9
2004-09-01,200409,2004,3,9,False,2004 SEP,76.6,1.4,1.6
2004-10-01,200410,2004,4,10,False,2004 OCT,76.9,1.3,1.4
2004-11-01,200411,2004,4,11,False,2004 NOV,76.9,1.7,1.5
2004-12-01,200412,2004,4,12,False,2004 DEC,77.0,1.2,1.4
2005-01-01,200501,2005,1,1,False,2005 JAN,77.8,2.5,1.8
2005-02-01,200502,2005,1,2,False,2005 FEB,77.7,2.3,2.0
2005-03-01,200503,2005,1,3,False,2005 MAR,77.3,1.5,2.1
2005-04-01,200504,2005,2,4,False,2005 APR,78.4,3.2,2.3
2005-05-01,200505,2005,2,5,False,2005 MAY,78.0,2.2,2.3
2005-06-01,200506,2005,2,6,False,2005 JUN,78.5,2.6,2.7
2005-07-01,200507,2005,3,7,False,2005 JUL,79.0,3.3,2.7
2005-08-01,200508,2005,3,8,False,2005 AUG,79.0,3.4,3.1
2005-09-01,200509,2005,3,9,False,2005 SEP,79.4,3.6,3.4
2005-10-01,200510,2005,4,10,False,2005 OCT,79.3,3.1,3.4
2005-11-01,200511,2005,4,11,False,2005 NOV,80.1,4.0,3.6
2005-12-01,200512,2005,4,12,False,2005 DEC,80.7,4.8,4.0
2006-01-01,200601,2006,1,1,False,2006 JAN,80.4,3.4,4.1
2006-02-01,200602,2006,1,2,False,2006 FEB,80.3,3.3,3.8
2006-03-01,200603,2006,1,3,False,2006 MAR,80.6,4.2,3.6
2006-04-01,200604,2006,2,4,False,2006 APR,80.2,2.3,3.3
2006-05-01,200605,2006,2,5,False,2006 MAY,80.6,3.3,3.3
2006-06-01,200606,2006,2,6,False,2006 JUN,80.8,2.9,2.8
2006-07-01,200607,2006,3,7,False,2006 JUL,80.3,1.7,2.6
2006-08-01,200608,2006,3,8,False,2006 AUG,80.6,2.1,2.2
2006-09-01,200609,2006,3,9,False,2006 SEP,80.9,1.9,1.9
2006-10-01,200610,2006,4,10,False,2006 OCT,80.4,1.4,1.8
2006-11-01,200611,2006,4,11,False,2006 NOV,80.8,0.9,1.4
2006-12-01,200612,2006,4,12,False,2006 DEC,81.5,1.0,1.1
2007-01-01,200701,2007,1,1,False,2007 JAN,81.5,1.4,1.1
2007-02-01,200702,2007,1,2,False,2007 FEB,81.9,2.1,1.5
2007-03-01,200703,2007,1,3,False,2007 MAR,82.1,1.9,1.8
2007-04-01,200704,2007,2,4,False,2007 APR,82.3,2.6,2.2
2007-05-01,200705,2007,2,5,False,2007 MAY,82.7,2.6,2.4
2007-06-01,200706,2007,2,6,False,2007 JUN,82.9,2.6,2.6
2007-07-01,200707,2007,3,7,False,2007 JUL,82.9,3.2,2.8
2007-08-01,200708,2007,3,8,False,2007 AUG,83.5,3.6,3.1
2007-09-01,200709,2007,3,9,False,2007 SEP,83.7,3.5,3.4
2007-10-01,200710,2007,4,10,False,2007 OCT,83.6,4.0,3.7
2007-11-01,200711,2007,4,11,False,2007 NOV,84.1,4.1,3.8
2007-12-01,200712,2007,4,12,False,2007 DEC,84.4,3.6,3.9
2008-01-01,200801,2008,1,1,False,2008 JAN,84.4,3.6,3.8
2008-02-01,200802,2008,1,2,False,2008 FEB,85.0,3.8,3.7
2008-03-01,200803,2008,1,3,False,2008 MAR,84.0,2.3,3.2
2008-04-01,200804,2008,2,4,False,2008 APR,84.7,2.9,3.0
2008-05-01,200805,2008,2,5,False,2008 MAY,83.9,1.4,2.2
2008-06-01,200806,2008,2,6,False,2008 JUN,83.8,1.1,1.8
2008-07-01,200807,2008,3,7,False,2008 JUL,83.3,0.4,1.0
2008-08-01,200808,2008,3,8,False,2008 AUG,83.1,-0.5,0.3
2008-09-01,200809,2008,3,9,False,2008 SEP,82.1,-1.9,-0.7
2008-10-01,200810,2008,4,10,False,2008 OCT,81.9,-2.0,-1.5
2008-11-01,200811,2008,4,11,False,2008 NOV,80.8,-3.9,-2.6
2008-12-01,200812,2008,4,12,False,2008 DEC,80.4,-4.7,-3.5
2009-01-01,200901,2009,1,1,False,2009 JAN,79.7,-5.6,-4.7
2009-02-01,200902,2009,1,2,False,2009 FEB,79.6,-6.3,-5.5
2009-03-01,200903,2009,1,3,False,2009 MAR,79.0,-5.9,-5.9
2009-04-01,200904,2009,2,4,False,2009 APR,79.5,-6.1,-6.1
2009-05-01,200905,2009,2,5,False,2009 MAY,78.8,-6.1,-6.1
2009-06-01,200906,2009,2,6,False,2009 JUN,79.1,-5.6,-6.0
2009-07-01,200907,2009,3,7,False,2009 JUL,79.5,-4.6,-5.4
2009-08-01,200908,2009,3,8,False,2009 AUG,79.0,-4.9,-5.0
2009-09-01,200909,2009,3,9,False,2009 SEP,79.2,-3.5,-4.3
2009-10-01,200910,2009,4,10,False,2009 OCT,79.4,-3.1,-3.8
2009-11-01,200911,2009,4,11,False,2009 NOV,79.5,-1.7,-2.8
2009-12-01,200912,2009,4,12,False,2009 DEC,79.8,-0.8,-1.8
2010-01-01,201001,2010,1,1,False,2010 JAN,79.2,-0.6,-1.0
2010-02-01,201002,2010,1,2,False,2010 FEB,80.5,1.1,-0.1
2010-03-01,201003,2010,1,3,False,2010 MAR,81.2,2.7,1.1
2010-04-01,201004,2010,2,4,False,2010 APR,80.9,1.7,1.8
2010-05-01,201005,2010,2,5,False,2010 MAY,81.4,3.4,2.6
2010-06-01,201006,2010,2,6,False,2010 JUN,81.5,3.0,2.7
2010-07-01,201007,2010,3,7,False,2010 JUL,81.6,2.7,3.0
2010-08-01,201008,2010,3,8,False,2010 AUG,81.7,3.4,3.0
2010-09-01,201009,2010,3,9,False,2010 SEP,81.9,3.4,3.2
2010-10-01,201010,2010,4,10,False,2010 OCT,82.2,3.5,3.4
2010-11-01,201011,2010,4,11,False,2010 NOV,81.9,3.1,3.3
2010-12-01,201012,2010,4,12,False,2010 DEC,81.2,1.7,2.8
2011-01-01,201101,2011,1,1,False,2011 JAN,81.5,2.9,2.6
2011-02-01,201102,2011,1,2,False,2011 FEB,81.9,1.7,2.1
2011-03-01,201103,2011,1,3,False,2011 MAR,82.0,1.1,1.9
2011-04-01,201104,2011,2,4,False,2011 APR,81.3,0.4,1.1
2011-05-01,201105,2011,2,5,False,2011 MAY,82.1,0.8,0.8
2011-06-01,201106,2011,2,6,False,2011 JUN,82.1,0.8,0.7
2011-07-01,201107,2011,3,7,False,2011 JUL,82.2,0.8,0.8
2011-08-01,201108,2011,3,8,False,2011 AUG,81.9,0.3,0.6
2011-09-01,201109,2011,3,9,False,2011 SEP,82.0,0.2,0.4
2011-10-01,201110,2011,4,10,False,2011 OCT,81.3,-1.1,-0.2
2011-11-01,201111,2011,4,11,False,2011 NOV,82.3,0.5,-0.1
2011-12-01,201112,2011,4,12,False,2011 DEC,83.0,2.3,0.6
2012-01-01,201201,2012,1,1,False,2012 JAN,83.3,2.2,1.7
2012-02-01,201202,2012,1,2,False,2012 FEB,82.8,1.1,1.9
2012-03-01,201203,2012,1,3,False,2012 MAR,82.9,1.1,1.5
2012-04-01,201204,2012,2,4,False,2012 APR,82.5,1.5,1.2
2012-05-01,201205,2012,2,5,False,2012 MAY,83.7,2.0,1.5
2012-06-01,201206,2012,2,6,False,2012 JUN,82.7,0.7,1.4
2012-07-01,201207,2012,3,7,False,2012 JUL,83.8,2.0,1.6
2012-08-01,201208,2012,3,8,False,2012 AUG,84.3,2.8,1.8
2012-09-01,201209,2012,3,9,False,2012 SEP,83.4,1.7,2.2
2012-10-01,201210,2012,4,10,False,2012 OCT,83.7,2.9,2.5
2012-11-01,201211,2012,4,11,False,2012 NOV,83.9,1.9,2.2
2012-12-01,201212,2012,4,12,False,2012 DEC,83.6,0.7,1.8
2013-01-01,201301,2013,1,1,False,2013 JAN,83.5,0.1,0.9
2013-02-01,201302,2013,1,2,False,2013 FEB,84.2,1.7,0.9
2013-03-01,201303,2013,1,3,False,2013 MAR,84.1,1.4,1.1
2013-04-01,201304,2013,2,4,False,2013 APR,84.3,2.2,1.8
2013-05-01,201305,2013,2,5,False,2013 MAY,84.5,0.9,1.5
2013-06-01,201306,2013,2,6,False,2013 JUN,84.7,2.4,1.8
2013-07-01,201307,2013,3,7,False,2013 JUL,84.9,1.3,1.5
2013-08-01,201308,2013,3,8,False,2013 AUG,85.1,1.0,1.5
2013-09-01,201309,2013,3,9,False,2013 SEP,85.2,2.1,1.4
2013-10-01,201310,2013,4,10,False,2013 OCT,85.7,2.5,1.8
2013-11-01,201311,2013,4,11,False,2013 NOV,85.7,2.1,2.2
2013-12-01,201312,2013,4,12,False,2013 DEC,85.4,2.1,2.2
2014-01-01,201401,2014,1,1,False,2014 JAN,85.9,2.9,2.4
2014-02-01,201402,2014,1,2,False,2014 FEB,86.4,2.6,2.5
2014-03-01,201403,2014,1,3,False,2014 MAR,86.8,3.2,2.9
2014-04-01,201404,2014,2,4,False,2014 APR,86.9,3.1,3.0
2014-05-01,201405,2014,2,5,False,2014 MAY,87.1,3.2,3.2
2014-06-01,201406,2014,2,6,False,2014 JUN,87.5,3.3,3.2
2014-07-01,201407,2014,3,7,False,2014 JUL,87.9,3.6,3.4
2014-08-01,201408,2014,3,8,False,2014 AUG,87.9,3.3,3.4
2014-09-01,201409,2014,3,9,False,2014 SEP,88.1,3.5,3.5
2014-10-01,201410,2014,4,10,False,2014 OCT,88.5,3.2,3.3
2014-11-01,201411,2014,4,11,False,2014 NOV,88.4,3.2,3.3
2014-12-01,201412,2014,4,12,False,2014 DEC,88.5,3.7,3.4
2015-01-01,201501,2015,1,1,False,2015 JAN,88.4,2.9,3.3
2015-02-01,201502,2015,1,2,False,2015 FEB,88.7,2.6,3.1
2015-03-01,201503,2015,1,3,False,2015 MAR,88.8,2.4,2.7
2015-04-01,201504,2015,2,4,False,2015 APR,89.0,2.4,2.5
2015-05-01,201505,2015,2,5,False,2015 MAY,89.0,2.1,2.3
2015-06-01,201506,2015,2,6,False,2015 JUN,88.9,1.7,2.1
2015-07-01,201507,2015,3,7,False,2015 JUL,89.3,1.6,1.8
2015-08-01,201508,2015,3,8,False,2015 AUG,89.2,1.5,1.6
2015-09-01,201509,2015,3,9,False,2015 SEP,89.3,1.3,1.4
2015-10-01,201510,2015,4,10,False,2015 OCT,89.7,1.4,1.4
2015-11-01,201511,2015,4,11,False,2015 NOV,89.6,1.3,1.3
2015-12-01,201512,2015,4,12,False,2015 DEC,89.9,1.5,1.4
2016-01-01,201601,2016,1,1,False,2016 JAN,90.0,1.8,1.6
2016-02-01,201602,2016,1,2,False,2016 FEB,90.5,2.1,1.8
2016-03-01,201603,2016,1,3,False,2016 MAR,90.3,1.7,1.9
2016-04-01,201604,2016,2,4,False,2016 APR,91.2,2.4,2.1
2016-05-01,201605,2016,2,5,False,2016 MAY,90.9,2.1,2.1
2016-06-01,201606,2016,2,6,False,2016 JUN,91.1,2.4,2.3
2016-07-01,201607,2016,3,7,False,2016 JUL,91.2,2.2,2.2
2016-08-01,201608,2016,3,8,False,2016 AUG,91.4,2.6,2.4
2016-09-01,201609,2016,3,9,False,2016 SEP,91.9,3.0,2.6
2016-10-01,201610,2016,4,10,False,2016 OCT,91.6,2.2,2.6
2016-11-01,201611,2016,4,11,False,2016 NOV,92.1,2.8,2.6
2016-12-01,201612,2016,4,12,False,2016 DEC,92.8,3.2,2.7
2017-01-01,201701,2017,1,1,False,2017 JAN,93.0,3.3,3.1
2017-02-01,201702,2017,1,2,False,2017 FEB,93.1,2.8,3.1
2017-03-01,201703,2017,1,3,False,2017 MAR,93.2,3.1,3.1
2017-04-01,201704,2017,2,4,False,2017 APR,93.6,2.7,2.9
2017-05-01,201705,2017,2,5,False,2017 MAY,93.9,3.3,3.0
2017-06-01,201706,2017,2,6,False,2017 JUN,94.1,3.3,3.1
2017-07-01,201707,2017,3,7,False,2017 JUL,94.2,3.3,3.3
2017-08-01,201708,2017,3,8,False,2017 AUG,94.4,3.2,3.2
2017-09-01,201709,2017,3,9,False,2017 SEP,94.8,3.1,3.2
2017-10-01,201710,2017,4,10,False,2017 OCT,94.9,3.5,3.3
2017-11-01,201711,2017,4,11,False,2017 NOV,95.1,3.3,3.3
2017-12-01,201712,2017,4,12,False,2017 DEC,95.3,2.8,3.2
2018-01-01,201801,2018,1,1,False,2018 JAN,95.2,2.4,2.8
2018-02-01,201802,2018,1,2,False,2018 FEB,95.2,2.3,2.5
2018-03-01,201803,2018,1,3,False,2018 MAR,95.1,2.1,2.2
2018-04-01,201804,2018,2,4,False,2018 APR,95.1,1.6,2.0
2018-05-01,201805,2018,2,5,False,2018 MAY,95.4,1.6,1.7
2018-06-01,201806,2018,2,6,False,2018 JUN,95.7,1.7,1.6
2018-07-01,201807,2018,3,7,False,2018 JUL,95.5,1.3,1.5
2018-08-01,201808,2018,3,8,False,2018 AUG,95.8,1.5,1.5
2018-09-01,201809,2018,3,9,False,2018 SEP,95.9,1.1,1.3
2018-10-01,201810,2018,4,10,False,2018 OCT,95.9,1.1,1.2
2018-11-01,201811,2018,4,11,False,2018 NOV,96.0,1.0,1.1
2018-12-01,201812,2018,4,12,False,2018 DEC,95.5,0.2,0.8
2019-01-01,201901,2019,1,1,False,2019 JAN,96.0,0.8,0.7
2019-02-01,201902,2019,1,2,False,2019 FEB,96.5,1.4,0.8
2019-03-01,201903,2019,1,3,False,2019 MAR,96.4,1.4,1.2
2019-04-01,201904,2019,2,4,False,2019 APR,96.0,1.0,1.2
2019-05-01,201905,2019,2,5,False,2019 MAY,96.5,1.2,1.2
2019-06-01,201906,2019,2,6,False,2019 JUN,97.1,1.5,1.2
2019-07-01,201907,2019,3,7,False,2019 JUL,97.2,1.8,1.5
2019-08-01,201908,2019,3,8,False,2019 AUG,97.0,1.3,1.5
2019-09-01,201909,2019,3,9,False,2019 SEP,97.4,1.6,1.6
2019-10-01,201910,2019,4,10,False,2019 OCT,97.3,1.4,1.4
2019-11-01,201911,2019,4,11,False,2019 NOV,97.0,1.0,1.3
2019-12-01,201912,2019,4,12,False,2019 DEC,97.4,1.9,1.5
2020-01-01,202001,2020,1,1,False,2020 JAN,97.3,1.3,1.4
2020-02-01,202002,2020,1,2,False,2020 FEB,97.3,0.8,1.3
2020-03-01,202003,2020,1,3,True,2020 MAR,89.9,-6.7,-1.5
2020-04-01,202004,2020,2,4,True,2020 APR,72.7,-24.3,-10.1
2020-05-01,202005,2020,2,5,True,2020 MAY,74.2,-23.1,-18.0
2020-06-01,202006,2020,2,6,True,2020 JUN,81.1,-16.5,-21.3
2020-07-01,202007,2020,3,7,True,2020 JUL,86.6,-10.9,-16.8
2020-08-01,202008,2020,3,8,True,2020 AUG,89.6,-7.6,-11.7
2020-09-01,202009,2020,3,9,True,2020 SEP,90.8,-6.7,-8.4
2020-10-01,202010,2020,4,10,True,2020 OCT,91.2,-6.3,-6.9
2020-11-01,202011,2020,4,11,True,2020 NOV,89.2,-8.0,-7.0
2020-12-01,202012,2020,4,12,True,2020 DEC,90.8,-6.8,-7.0
2021-01-01,202101,2021,1,1,True,2021 JAN,87.8,-9.7,-8.2
2021-02-01,202102,2021,1,2,True,2021 FEB,88.9,-8.6,-8.4
2021-03-01,202103,2021,1,3,True,2021 MAR,91.5,1.8,-5.7
2021-04-01,202104,2021,2,4,True,2021 APR,94.5,30.0,5.8
2021-05-01,202105,2021,2,5,True,2021 MAY,95.8,29.1,19.0
2021-06-01,202106,2021,2,6,True,2021 JUN,96.7,19.2,25.9
2021-07-01,202107,2021,3,7,True,2021 JUL,96.3,11.3,19.4
2021-08-01,202108,2021,3,8,True,2021 AUG,97.3,8.5,12.8
2021-09-01,202109,2021,3,9,True,2021 SEP,97.8,7.7,9.1
2021-10-01,202110,2021,4,10,True,2021 OCT,98.0,7.5,7.9
2021-11-01,202111,2021,4,11,True,2021 NOV,98.5,10.4,8.5
2021-12-01,202112,2021,4,12,True,2021 DEC,98.3,8.3,8.7
2022-01-01,202201,2022,1,1,True,2022 JAN,98.9,12.6,10.4
2022-02-01,202202,2022,1,2,True,2022 FEB,99.3,11.7,10.9
2022-03-01,202203,2022,1,3,True,2022 MAR,99.3,8.5,10.9
2022-04-01,202204,2022,2,4,True,2022 APR,99.5,5.4,8.5
2022-05-01,202205,2022,2,5,True,2022 MAY,100.0,4.4,6.1
2022-06-01,202206,2022,2,6,True,2022 JUN,99.4,2.8,4.2
2022-07-01,202207,2022,3,7,True,2022 JUL,99.9,3.7,3.6
2022-08-01,202208,2022,3,8,True,2022 AUG,99.9,2.7,3.1
2022-09-01,202209,2022,3,9,True,2022 SEP,99.2,1.4,2.6
2022-10-01,202210,2022,4,10,True,2022 OCT,100.1,2.2,2.1
2022-11-01,202211,2022,4,11,True,2022 NOV,100.2,1.7,1.8
2022-12-01,202212,2022,4,12,True,2022 DEC,99.7,1.4,1.8
2023-01-01,202301,2023,1,1,True,2023 JAN,100.1,1.2,1.5
2023-02-01,202302,2023,1,2,True,2023 FEB,100.3,1.0,1.2
2023-03-01,202303,2023,1,3,True,2023 MAR,99.9,0.6,1.0
2023-04-01,202304,2023,2,4,True,2023 APR,100.1,0.6,0.7
2023-05-01,202305,2023,2,5,True,2023 MAY,99.8,-0.2,0.3
2023-06-01,202306,2023,2,6,True,2023 JUN,100.5,1.1,0.5
2023-07-01,202307,2023,3,7,True,2023 JUL,100.1,0.2,0.4
2023-08-01,202308,2023,3,8,True,2023 AUG,100.0,0.1,0.5
2023-09-01,202309,2023,3,9,True,2023 SEP,100.0,0.8,0.4
2023-10-01,202310,2023,4,10,True,2023 OCT,99.6,-0.5,0.1
2023-11-01,202311,2023,4,11,True,2023 NOV,99.9,-0.3,0.0
2023-12-01,202312,2023,4,12,True,2023 DEC,99.6,-0.1,-0.3
2024-01-01,202401,2024,1,1,True,2024 JAN,100.1,0.0,-0.1
2024-02-01,202402,2024,1,2,True,2024 FEB,100.3,-0.1,-0.1
2024-03-01,202403,2024,1,3,True,2024 MAR,100.6,0.7,0.2
2024-04-01,202404,2024,2,4,True,2024 APR,100.7,0.6,0.4
2024-05-01,202405,2024,2,5,True,2024 MAY,101.0,1.2,0.8
2024-06-01,202406,2024,2,6,True,2024 JUN,100.8,0.4,0.7
2024-07-01,202407,2024,3,7,True,2024 JUL,100.8,0.7,0.8
2024-08-01,202408,2024,3,8,True,2024 AUG,101.1,1.1,0.7
2024-09-01,202409,2024,3,9,True,2024 SEP,101.1,1.1,1.0
2024-10-01,202410,2024,4,10,True,2024 OCT,101.2,1.6,1.3
2024-11-01,202411,2024,4,11,True,2024 NOV,101.3,1.4,1.4
2024-12-01,202412,2024,4,12,True,2024 DEC,101.7,2.1,1.7
2025-01-01,202501,2025,1,1,True,2025 JAN,101.7,1.6,1.7
2025-02-01,202502,2025,1,2,True,2025 FEB,102.0,1.8,1.8
2025-03-01,202503,2025,1,3,True,2025 MAR,102.2,1.6,1.7
2025-04-01,202504,2025,2,4,True,2025 APR,102.0,1.3,1.5
2025-05-01,202505,2025,2,5,True,2025 MAY,101.9,0.9,1.3
2025-06-01,202506,2025,2,6,True,2025 JUN,102.4,1.5,1.2
2025-07-01,202507,2025,3,7,True,2025 JUL,102.4,1.6,1.3
2025-08-01,202508,2025,3,8,True,2025 AUG,102.1,1.0,1.4
2025-09-01,202509,2025,3,9,True,2025 SEP,102.2,1.1,1.2
2025-10-01,202510,2025,4,10,True,2025 OCT,102.2,1.0,1.1
2025-11-01,202511,2025,4,11,True,2025 NOV,102.4,1.1,1.1
2025-12-01,202512,2025,4,12,True,2025 DEC,102.6,0.9,1.0
2026-01-01,202601,2026,1,1,True,2026 JAN,102.7,0.9,1.0
2026-02-01,202602,2026,1,2,True,2026 FEB,103.1,1.0,0.9
2026-03-01,202603,2026,1,3,True,2026 MAR,103.4,1.2,1.0
2026-04-01,202604,2026,2,4,True,2026 APR,103.3,1.2,1.1
